{
  "intents": [
    {
      "intent": "AddGrocery",
      "slots": [
        {
          "name": "groceryslot",
          "type": "GROCERY"
        }
      ]
    },
    {
      "intent": "RecipeRecommendation",
      "slots": [
        {
          "name": "proteinslot",
          "type": "PROTEIN"
        },
        {
          "name": "carbslot",
          "type": "CARB"
        },
        {
          "name": "vegtableslot",
          "type": "VEGTABLE"
        },
        {
          "name": "dish_typeslot",
          "type": "DISH_TYPE"
        },
        {
          "name": "temperatureslot",
          "type": "TEMPERATURE"
        },
        {
          "name": "timeslot",
          "type": "TIME"
        }
      ]
    }
  ]
}